BIOGUIDE_ID,OFFICE,QUARTER,PROGRAM,CATEGORY,DATE,TRANSCODE,RECORDID,PAYEE,START DATE,END DATE,PURPOSE,AMOUNT,YEAR,RECIP (orig.)
,OFFICE OF THE MINORITY WHIP,2017Q1,GENERAL EXPENDITURES,PRINTING AND REPRODUCTION,3/8/2017,AP,E0488183,DAVID L ANDRUKITIS INC,12/20/2016,12/20/2016,PRINTING & REPRODUCTION,4586.24,2016,DAVID L ANDRUKITIS INC
,CHIEF ADMIN OFCR OF THE HOUSE,2017Q1,ADMIN AND OPS,PRINTING AND REPRODUCTION,1/19/2017,AP,900647,CITI PCARD-WIND-NET,11/29/2016,12/28/2016,PRINTING & REPRODUCTION,3500,2016,CITI PCARD-WIND-NET
,CHIEF ADMIN OFCR OF THE HOUSE,2017Q1,ADMIN AND OPS,PRINTING AND REPRODUCTION,1/31/2017,AP,898398,MONSTER WORLDWIDE INC,12/1/2016,12/31/2016,PRINTING & REPRODUCTION,1050,2016,MONSTER WORLDWIDE INC
,CLERK OF THE HOUSE,2017Q1,SALARIES  OFFICERS & EMPLOYEES,PRINTING AND REPRODUCTION,1/12/2017,AP,E0477624,KEITH JEWELL,1/5/2017,1/5/2017,PRINTING & REPRODUCTION,3969,2017,KEITH JEWELL
A000055,HON. ROBERT B. ADERHOLT,2017Q1,OFFICIAL EXPENSES OF MEMBERS,PRINTING AND REPRODUCTION,3/21/2017,AP,E0497172,ACCURATE WORD LLC,12/30/2016,12/30/2016,PRINTING & REPRODUCTION,1112,2016,ACCURATE WORD LLC
A000372,HON. RICK W. ALLEN,2017Q1,OFFICIAL EXPENSES OF MEMBERS,PRINTING AND REPRODUCTION,2/28/2017,AP,E0488563,CREATIVE FRANKING,12/16/2016,12/16/2016,PRINTING & REPRODUCTION,11500,2016,CREATIVE FRANKING
A000375,HON. JODEY C. ARRINGTON,2017Q1,OFFICIAL EXPENSES OF MEMBERS,PRINTING AND REPRODUCTION,2/1/2017,AP,E0483415,ACCURATE WORD LLC,1/19/2017,1/19/2017,PRINTING & REPRODUCTION,2271,2017,ACCURATE WORD LLC
A000375,HON. JODEY C. ARRINGTON,2017Q1,OFFICIAL EXPENSES OF MEMBERS,PRINTING AND REPRODUCTION,2/1/2017,AP,E0483417,ACCURATE WORD LLC,1/19/2017,1/19/2017,PRINTING & REPRODUCTION,2136,2017,ACCURATE WORD LLC
B001291,HON. BRIAN BABIN,2017Q1,OFFICIAL EXPENSES OF MEMBERS,PRINTING AND REPRODUCTION,2/14/2017,AP,E0484685,ATTICUS MEDIA LLC,1/5/2017,1/5/2017,PRINTING & REPRODUCTION,7212.38,2017,ATTICUS MEDIA LLC
B001291,HON. BRIAN BABIN,2017Q1,OFFICIAL EXPENSES OF MEMBERS,PRINTING AND REPRODUCTION,2/8/2017,AP,E0484679,ATTICUS MEDIA LLC,12/30/2016,12/30/2016,PRINTING & REPRODUCTION,8279.52,2016,ATTICUS MEDIA LLC
B001298,HON. DON BACON,2017Q1,OFFICIAL EXPENSES OF MEMBERS,PRINTING AND REPRODUCTION,2/28/2017,AP,E0490338,ACCURATE WORD LLC,2/1/2017,2/1/2017,PRINTING & REPRODUCTION,1195,2017,ACCURATE WORD LLC
B001299,HON. JIM BANKS,2017Q1,OFFICIAL EXPENSES OF MEMBERS,PRINTING AND REPRODUCTION,2/8/2017,AP,901190,ACCURATE WORD LLC,1/23/2017,1/23/2017,PRINTING & REPRODUCTION,1134,2017,ACCURATE WORD LLC
B001282,HON. ANDY BARR,2017Q1,OFFICIAL EXPENSES OF MEMBERS,PRINTING AND REPRODUCTION,1/6/2017,AP,E0473144,OFFICIAL COMMUNICATION STRATEGIES,12/20/2016,12/20/2016,PRINTING & REPRODUCTION,26200.46,2016,OFFICIAL COMMUNICATION STRATEGIES
B001300,HON. NANETTE DIAZ BARRAGAN,2017Q1,OFFICIAL EXPENSES OF MEMBERS,PRINTING AND REPRODUCTION,3/6/2017,AP,E0493547,ACCURATE WORD LLC,2/15/2017,2/15/2017,PRINTING & REPRODUCTION,1345.55,2017,ACCURATE WORD LLC
B001270,HON. KAREN BASS,2017Q1,OFFICIAL EXPENSES OF MEMBERS,PRINTING AND REPRODUCTION,1/10/2017,AP,897236,PJM CREATIVE,10/28/2016,10/28/2016,PRINTING & REPRODUCTION,3550,2016,PJM CREATIVE
B001270,HON. KAREN BASS,2017Q1,OFFICIAL EXPENSES OF MEMBERS,PRINTING AND REPRODUCTION,2/10/2017,AP,E0486036,CAPITOL CAMPAIGNS,2/18/2016,2/18/2016,PRINTING & REPRODUCTION,2451.3,2016,CAPITOL CAMPAIGNS
B001270,HON. KAREN BASS,2017Q1,OFFICIAL EXPENSES OF MEMBERS,PRINTING AND REPRODUCTION,3/17/2017,AP,912081,PJM CREATIVE,11/20/2016,11/20/2016,PRINTING & REPRODUCTION,4811.75,2016,PJM CREATIVE
B001281,HON. JOYCE BEATTY,2017Q1,OFFICIAL EXPENSES OF MEMBERS,PRINTING AND REPRODUCTION,3/5/2017,AP,E0492620,ACCURATE WORD LLC,2/20/2017,2/20/2017,PRINTING & REPRODUCTION,1782.2,2017,ACCURATE WORD LLC
B001281,HON. JOYCE BEATTY,2017Q1,OFFICIAL EXPENSES OF MEMBERS,PRINTING AND REPRODUCTION,1/13/2017,AP,E0475089,ACCURATE WORD LLC,12/30/2016,12/30/2016,PRINTING & REPRODUCTION,2387,2016,ACCURATE WORD LLC
B001281,HON. JOYCE BEATTY,2017Q1,OFFICIAL EXPENSES OF MEMBERS,PRINTING AND REPRODUCTION,3/5/2017,AP,E0490990,XEROX CORPORATION,9/21/2016,12/30/2016,PRINTING & REPRODUCTION,1027.2,2016,XEROX CORPORATION
B000287,HON. XAVIER BECARRA,2017Q1,OFFICIAL EXPENSES OF MEMBERS,PRINTING AND REPRODUCTION,1/27/2017,AP,E0480015,THE HARMAN PRESS,12/22/2016,12/22/2016,PRINTING & REPRODUCTION,6921.5,2016,THE HARMAN PRESS
B000287,HON. XAVIER BECARRA,2017Q1,OFFICIAL EXPENSES OF MEMBERS,PRINTING AND REPRODUCTION,1/31/2017,AP,E0480019,SEASIDE PRINTING COMPANY INC,12/21/2016,12/21/2016,PRINTING & REPRODUCTION,7713,2016,SEASIDE PRINTING COMPANY INC
B000287,HON. XAVIER BECARRA,2017Q1,OFFICIAL EXPENSES OF MEMBERS,PRINTING AND REPRODUCTION,2/10/2017,AP,E0486049,U.S. CAPITOL HISTORICAL SOCIETY,8/30/2016,8/30/2016,PRINTING & REPRODUCTION,1100,2016,U.S. CAPITOL HISTORICAL SOCIETY
B000287,HON. XAVIER BECARRA,2017Q1,OFFICIAL EXPENSES OF MEMBERS,PRINTING AND REPRODUCTION,2/22/2017,AP,902734,THE Q TEAM,12/21/2016,12/21/2016,PRINTING & REPRODUCTION,5521,2016,THE Q TEAM
B001287,HON. AMI BERA,2017Q1,OFFICIAL EXPENSES OF MEMBERS,PRINTING AND REPRODUCTION,3/31/2017,AP,912662,PUBLIC PRINTER,1/9/2017,1/9/2017,PRINTING & REPRODUCTION,3709.04,2017,PUBLIC PRINTER
B001292,HON. DONALD S. BEYER  JR.,2017Q1,OFFICIAL EXPENSES OF MEMBERS,PRINTING AND REPRODUCTION,1/19/2017,AP,E0479431,D & P PRINTING,12/21/2016,12/21/2016,PRINTING & REPRODUCTION,13965.13,2016,D & P PRINTING
B001257,HON. GUS  M. BILIRAKIS,2017Q1,OFFICIAL EXPENSES OF MEMBERS,PRINTING AND REPRODUCTION,2/13/2017,AP,E0486434,CONSTITUENT SERVICES LLC,2/6/2017,2/6/2017,PRINTING & REPRODUCTION,8148.1,2017,CONSTITUENT SERVICES LLC
B000490,HON. SANFORD D. BISHOP  JR.,2017Q1,OFFICIAL EXPENSES OF MEMBERS,PRINTING AND REPRODUCTION,2/2/2017,AP,E0482289,U.S. CAPITOL HISTORICAL SOCIETY,10/31/2016,10/31/2016,PRINTING & REPRODUCTION,1800,2016,U.S. CAPITOL HISTORICAL SOCIETY
B000490,HON. SANFORD D. BISHOP  JR.,2017Q1,OFFICIAL EXPENSES OF MEMBERS,PRINTING AND REPRODUCTION,3/22/2017,AP,E0495729,U.S. CAPITOL HISTORICAL SOCIETY,10/7/2016,10/7/2016,PRINTING & REPRODUCTION,1800,2016,U.S. CAPITOL HISTORICAL SOCIETY
B001273,HON. DIANE BLACK,2017Q1,OFFICIAL EXPENSES OF MEMBERS,PRINTING AND REPRODUCTION,1/8/2017,AP,E0474856,ACCURATE WORD LLC,12/22/2016,12/22/2016,PRINTING & REPRODUCTION,3201.53,2016,ACCURATE WORD LLC
B001273,HON. DIANE BLACK,2017Q1,OFFICIAL EXPENSES OF MEMBERS,PRINTING AND REPRODUCTION,2/9/2017,AP,E0484847,HOMETOWN CONNECTIONS INC,12/14/2016,12/14/2016,PRINTING & REPRODUCTION,22319.36,2016,HOMETOWN CONNECTIONS INC
B000574,HON. EARL BLUMENAUER,2017Q1,OFFICIAL EXPENSES OF MEMBERS,PRINTING AND REPRODUCTION,1/8/2017,AP,896600,ACCURATE WORD LLC,12/16/2016,12/16/2016,PRINTING & REPRODUCTION,3059.79,2016,ACCURATE WORD LLC
B001295,HON. MIKE BOST,2017Q1,OFFICIAL EXPENSES OF MEMBERS,PRINTING AND REPRODUCTION,1/6/2017,AP,E0466695,KAP PRINT LLC,7/19/2016,7/19/2016,PRINTING & REPRODUCTION,4875,2016,KAP PRINT LLC
B001295,HON. MIKE BOST,2017Q1,OFFICIAL EXPENSES OF MEMBERS,PRINTING AND REPRODUCTION,2/13/2017,AP,E0486876,KAP PRINT LLC,4/29/2016,4/29/2016,PRINTING & REPRODUCTION,1500,2016,KAP PRINT LLC
B001295,HON. MIKE BOST,2017Q1,OFFICIAL EXPENSES OF MEMBERS,PRINTING AND REPRODUCTION,2/23/2017,AP,E0486959,KAP FRANKED,7/19/2016,7/19/2016,PRINTING & REPRODUCTION,5420,2016,KAP FRANKED
B001296,HON. BRENDAN F. BOYLE,2017Q1,OFFICIAL EXPENSES OF MEMBERS,PRINTING AND REPRODUCTION,2/27/2017,AP,904167,INDEPENDENCE COMMUNICATIONS & CAMPAIGNS,4/7/2016,4/7/2016,PRINTING & REPRODUCTION,6977,2016,INDEPENDENCE COMMUNICATIONS & CAMPAIGNS
B001296,HON. BRENDAN F. BOYLE,2017Q1,OFFICIAL EXPENSES OF MEMBERS,PRINTING AND REPRODUCTION,3/6/2017,AP,E0490066,INDEPENDENCE COMMUNICATIONS & CAMPAIGNS,7/8/2016,7/8/2016,PRINTING & REPRODUCTION,2700,2016,INDEPENDENCE COMMUNICATIONS & CAMPAIGNS
B001284,HON. SUSAN W. BROOKS,2017Q1,OFFICIAL EXPENSES OF MEMBERS,PRINTING AND REPRODUCTION,1/6/2017,AP,E0472811,ACCURATE WORD LLC,12/13/2016,12/13/2016,PRINTING & REPRODUCTION,1099.2,2016,ACCURATE WORD LLC
B001284,HON. SUSAN W. BROOKS,2017Q1,OFFICIAL EXPENSES OF MEMBERS,PRINTING AND REPRODUCTION,1/23/2017,AP,E0477143,MCH MAILING SERVICES LLC,1/2/2017,1/2/2017,PRINTING & REPRODUCTION,7128.66,2017,MCH MAILING SERVICES LLC
B001260,HON. VERN G. BUCHANAN,2017Q1,OFFICIAL EXPENSES OF MEMBERS,PRINTING AND REPRODUCTION,3/20/2017,AP,E0495019,THE FRANKING GROUP,12/29/2016,12/29/2016,PRINTING & REPRODUCTION,10907,2016,THE FRANKING GROUP
B001260,HON. VERN G. BUCHANAN,2017Q1,OFFICIAL EXPENSES OF MEMBERS,PRINTING AND REPRODUCTION,3/22/2017,AP,E0495020,THE FRANKING GROUP,12/29/2016,12/29/2016,PRINTING & REPRODUCTION,10907,2016,THE FRANKING GROUP
B001260,HON. VERN G. BUCHANAN,2017Q1,OFFICIAL EXPENSES OF MEMBERS,PRINTING AND REPRODUCTION,3/22/2017,AP,E0495021,THE FRANKING GROUP,12/29/2016,12/29/2016,PRINTING & REPRODUCTION,10907,2016,THE FRANKING GROUP
B001260,HON. VERN G. BUCHANAN,2017Q1,OFFICIAL EXPENSES OF MEMBERS,PRINTING AND REPRODUCTION,3/22/2017,AP,E0495022,THE FRANKING GROUP,12/29/2016,12/29/2016,PRINTING & REPRODUCTION,18740,2016,THE FRANKING GROUP
B001297,HON. KEN BUCK,2017Q1,OFFICIAL EXPENSES OF MEMBERS,PRINTING AND REPRODUCTION,2/24/2017,AP,E0488615,LIBERTY SERVICE CORP,12/30/2016,12/30/2016,PRINTING & REPRODUCTION,16128.98,2016,LIBERTY SERVICE CORP
B001275,HON. LARRY BUCSHON,2017Q1,OFFICIAL EXPENSES OF MEMBERS,PRINTING AND REPRODUCTION,1/26/2017,AP,E0478274,MCH MAILING SERVICES LLC,12/16/2016,12/16/2016,PRINTING & REPRODUCTION,22561.31,2016,MCH MAILING SERVICES LLC
B001289,HON. BRADLEY BYRNE,2017Q1,OFFICIAL EXPENSES OF MEMBERS,PRINTING AND REPRODUCTION,1/24/2017,AP,E0480379,ACCURATE WORD LLC,12/22/2016,12/22/2016,PRINTING & REPRODUCTION,1259.25,2016,ACCURATE WORD LLC
C001097,HON. TONY CARDENAS,2017Q1,OFFICIAL EXPENSES OF MEMBERS,PRINTING AND REPRODUCTION,3/27/2017,AP,E0499559,PATRIOT CONTACT INC,12/30/2016,12/30/2016,PRINTING & REPRODUCTION,21025.2,2016,PATRIOT CONTACT INC
C001072,HON. ANDRE CARSON,2017Q1,OFFICIAL EXPENSES OF MEMBERS,PRINTING AND REPRODUCTION,3/7/2017,AP,E0490763,U.S. CAPITOL HISTORICAL SOCIETY,10/31/2016,10/31/2016,PRINTING & REPRODUCTION,1100,2016,U.S. CAPITOL HISTORICAL SOCIETY
C001103,"HON. EARL L. ""BUDDY"" CARTER",2017Q1,OFFICIAL EXPENSES OF MEMBERS,PRINTING AND REPRODUCTION,2/21/2017,AP,E0485347,CAPITOL FRANKING GROUP LLC,12/30/2016,12/30/2016,PRINTING & REPRODUCTION,29953,2016,CAPITOL FRANKING GROUP LLC
C001051,HON. JOHN R. CARTER,2017Q1,OFFICIAL EXPENSES OF MEMBERS,PRINTING AND REPRODUCTION,3/13/2017,AP,E0494949,SUNSET PRESS INC,2/24/2017,2/24/2017,PRINTING & REPRODUCTION,2090,2017,SUNSET PRESS INC
C001051,HON. JOHN R. CARTER,2017Q1,OFFICIAL EXPENSES OF MEMBERS,PRINTING AND REPRODUCTION,3/31/2017,AP,912662,PUBLIC PRINTER,1/4/2017,1/4/2017,PRINTING & REPRODUCTION,7512.38,2017,PUBLIC PRINTER
C001051,HON. JOHN R. CARTER,2017Q1,OFFICIAL EXPENSES OF MEMBERS,PRINTING AND REPRODUCTION,2/7/2017,AP,E0482347,SUNSET PRESS INC,12/30/2016,12/30/2016,PRINTING & REPRODUCTION,1604.27,2016,SUNSET PRESS INC
C001066,HON. KATHY CASTOR,2017Q1,OFFICIAL EXPENSES OF MEMBERS,PRINTING AND REPRODUCTION,2/23/2017,AP,E0487555,CONSTITUENT CONTACT MAIL,1/18/2017,1/18/2017,PRINTING & REPRODUCTION,8613.06,2017,CONSTITUENT CONTACT MAIL
C001066,HON. KATHY CASTOR,2017Q1,OFFICIAL EXPENSES OF MEMBERS,PRINTING AND REPRODUCTION,2/10/2017,AP,E0486713,CONSTITUENT CONTACT MAIL,12/21/2016,12/21/2016,PRINTING & REPRODUCTION,2650,2016,CONSTITUENT CONTACT MAIL
C001091,HON. JOAQUIN CASTRO,2017Q1,OFFICIAL EXPENSES OF MEMBERS,PRINTING AND REPRODUCTION,3/6/2017,AP,906809,THE PIVOT GROUP INC,12/22/2016,12/22/2016,PRINTING & REPRODUCTION,28080,2016,THE PIVOT GROUP INC
C001076,HON. JASON CHAFFETZ,2017Q1,OFFICIAL EXPENSES OF MEMBERS,PRINTING AND REPRODUCTION,2/6/2017,AP,E0482896,THE FRANKING GROUP,12/29/2016,12/29/2016,PRINTING & REPRODUCTION,2786,2016,THE FRANKING GROUP
C001061,HON. EMANUEL CLEAVER,2017Q1,OFFICIAL EXPENSES OF MEMBERS,PRINTING AND REPRODUCTION,3/24/2017,AP,E0497976,U.S. CAPITOL HISTORICAL SOCIETY,10/31/2016,10/31/2016,PRINTING & REPRODUCTION,1100,2016,U.S. CAPITOL HISTORICAL SOCIETY
C000537,HON. JAMES E. CLYBURN,2017Q1,OFFICIAL EXPENSES OF MEMBERS,PRINTING AND REPRODUCTION,2/24/2017,AP,E0488138,U.S. CAPITOL HISTORICAL SOCIETY,12/19/2016,12/19/2016,PRINTING & REPRODUCTION,2150,2016,U.S. CAPITOL HISTORICAL SOCIETY
C001077,HON. MIKE COFFMAN,2017Q1,OFFICIAL EXPENSES OF MEMBERS,PRINTING AND REPRODUCTION,1/15/2017,AP,E0476359,LINTON-SMITH STEPHEN A.,11/23/2016,11/29/2016,PRINTING & REPRODUCTION,1280,2016,LINTON-SMITH STEPHEN A.
C001077,HON. MIKE COFFMAN,2017Q1,OFFICIAL EXPENSES OF MEMBERS,PRINTING AND REPRODUCTION,1/27/2017,AP,E0479939,LINCOLN STRATEGY GROUP,12/27/2016,12/27/2016,PRINTING & REPRODUCTION,13527.22,2016,LINCOLN STRATEGY GROUP
C001068,HON. STEVE COHEN,2017Q1,OFFICIAL EXPENSES OF MEMBERS,PRINTING AND REPRODUCTION,3/2/2017,AP,E0490959,DIAMOND PRINTING CO,12/23/2016,12/23/2016,PRINTING & REPRODUCTION,3555,2016,DIAMOND PRINTING CO
C001068,HON. STEVE COHEN,2017Q1,OFFICIAL EXPENSES OF MEMBERS,PRINTING AND REPRODUCTION,3/4/2017,AP,E0490960,DIRECTFX,12/30/2016,12/30/2016,PRINTING & REPRODUCTION,2210,2016,DIRECTFX
C001068,HON. STEVE COHEN,2017Q1,OFFICIAL EXPENSES OF MEMBERS,PRINTING AND REPRODUCTION,3/8/2017,AP,E0492167,DAVID L ANDRUKITIS INC,11/14/2016,11/14/2016,PRINTING & REPRODUCTION,2779.5,2016,DAVID L ANDRUKITIS INC
C001105,HON. BARBARA COMSTOCK,2017Q1,OFFICIAL EXPENSES OF MEMBERS,PRINTING AND REPRODUCTION,1/26/2017,AP,E0481698,ACCURATE WORD LLC,12/30/2016,12/30/2016,PRINTING & REPRODUCTION,1983.5,2016,ACCURATE WORD LLC
C001078,"HON. GERALD E. ""GERRY"" CONNOLLY",2017Q1,OFFICIAL EXPENSES OF MEMBERS,PRINTING AND REPRODUCTION,1/3/2017,AP,E0474560,U.S. CAPITOL HISTORICAL SOCIETY,11/21/2016,11/21/2016,PRINTING & REPRODUCTION,1100,2016,U.S. CAPITOL HISTORICAL SOCIETY
C001078,"HON. GERALD E. ""GERRY"" CONNOLLY",2017Q1,OFFICIAL EXPENSES OF MEMBERS,PRINTING AND REPRODUCTION,1/30/2017,AP,E0480922,PUBLIC SERVICE ASSOCIATES,12/28/2016,12/28/2016,PRINTING & REPRODUCTION,24759,2016,PUBLIC SERVICE ASSOCIATES
C001059,HON. JIM COSTA,2017Q1,OFFICIAL EXPENSES OF MEMBERS,PRINTING AND REPRODUCTION,3/30/2017,AP,E0500764,DAVID L ANDRUKITIS INC,12/10/2016,12/10/2016,PRINTING & REPRODUCTION,1427.5,2016,DAVID L ANDRUKITIS INC
C001069,HON. JOE COURTNEY,2017Q1,OFFICIAL EXPENSES OF MEMBERS,PRINTING AND REPRODUCTION,2/28/2017,AP,E0490804,MAIL MATTERS LLC,1/16/2017,1/16/2017,PRINTING & REPRODUCTION,9510.01,2017,MAIL MATTERS LLC
C001111,HON. CHARLIE CRIST,2017Q1,OFFICIAL EXPENSES OF MEMBERS,PRINTING AND REPRODUCTION,3/24/2017,AP,E0497945,CARY STEVEN G,3/3/2017,3/3/2017,PRINTING & REPRODUCTION,1568.97,2017,CARY STEVEN G
C001038,HON. JOSEPH CROWLEY,2017Q1,OFFICIAL EXPENSES OF MEMBERS,PRINTING AND REPRODUCTION,1/25/2017,AP,E0481876,ACCURATE WORD LLC,1/18/2017,1/18/2017,PRINTING & REPRODUCTION,1393,2017,ACCURATE WORD LLC
C001107,HON. CARLOS CURBELO,2017Q1,OFFICIAL EXPENSES OF MEMBERS,PRINTING AND REPRODUCTION,3/22/2017,AP,E0496022,ARSH INC,12/15/2016,12/15/2016,PRINTING & REPRODUCTION,7400,2016,ARSH INC
D000626,HON. WARREN DAVIDSON,2017Q1,OFFICIAL EXPENSES OF MEMBERS,PRINTING AND REPRODUCTION,1/20/2017,AP,E0478240,REVOLVIS CONSULTING INC,12/31/2016,12/31/2016,PRINTING & REPRODUCTION,4266,2016,REVOLVIS CONSULTING INC
D000626,HON. WARREN DAVIDSON,2017Q1,OFFICIAL EXPENSES OF MEMBERS,PRINTING AND REPRODUCTION,2/14/2017,AP,E0484842,CAPITAL MAIL SERVICES LLC,12/19/2016,12/19/2016,PRINTING & REPRODUCTION,18041.56,2016,CAPITAL MAIL SERVICES LLC
D000626,HON. WARREN DAVIDSON,2017Q1,OFFICIAL EXPENSES OF MEMBERS,PRINTING AND REPRODUCTION,3/24/2017,AP,E0497174,CAPITAL MAIL SERVICES LLC,12/30/2016,12/30/2016,PRINTING & REPRODUCTION,16576.71,2016,CAPITAL MAIL SERVICES LLC
D000096,HON. DANNY K. DAVIS,2017Q1,OFFICIAL EXPENSES OF MEMBERS,PRINTING AND REPRODUCTION,3/5/2017,AP,E0491175,ACCURATE WORD LLC,2/1/2017,2/1/2017,PRINTING & REPRODUCTION,1048.95,2017,ACCURATE WORD LLC
D000617,HON. SUZAN K. DELBENE,2017Q1,OFFICIAL EXPENSES OF MEMBERS,PRINTING AND REPRODUCTION,2/3/2017,AP,E0480917,U.S. CAPITOL HISTORICAL SOCIETY,11/21/2016,11/21/2016,PRINTING & REPRODUCTION,1100,2016,U.S. CAPITOL HISTORICAL SOCIETY
D000612,HON. JEFF DENHAM,2017Q1,OFFICIAL EXPENSES OF MEMBERS,PRINTING AND REPRODUCTION,3/14/2017,AP,E0495300,FRANKING SENSE LLC,12/28/2016,12/28/2016,PRINTING & REPRODUCTION,22958.79,2016,FRANKING SENSE LLC
D000600,HON. MARIO DIAZ-BALART,2017Q1,OFFICIAL EXPENSES OF MEMBERS,PRINTING AND REPRODUCTION,1/20/2017,AP,E0478164,AGENCY 7 INC,9/13/2016,9/13/2016,PRINTING & REPRODUCTION,2340.77,2016,AGENCY 7 INC
D000600,HON. MARIO DIAZ-BALART,2017Q1,OFFICIAL EXPENSES OF MEMBERS,PRINTING AND REPRODUCTION,1/20/2017,AP,E0478178,AGENCY 7 INC,10/7/2016,10/7/2016,PRINTING & REPRODUCTION,3420,2016,AGENCY 7 INC
D000399,HON. LLOYD DOGGETT,2017Q1,OFFICIAL EXPENSES OF MEMBERS,PRINTING AND REPRODUCTION,3/27/2017,AP,E0498779,ALLIED PRINTING & MAILING,3/3/2017,3/3/2017,PRINTING & REPRODUCTION,5131,2017,ALLIED PRINTING & MAILING
D000399,HON. LLOYD DOGGETT,2017Q1,OFFICIAL EXPENSES OF MEMBERS,PRINTING AND REPRODUCTION,1/11/2017,AP,897277,ALLIED PRINTING & MAILING,8/5/2016,8/5/2016,PRINTING & REPRODUCTION,1420,2016,ALLIED PRINTING & MAILING
D000399,HON. LLOYD DOGGETT,2017Q1,OFFICIAL EXPENSES OF MEMBERS,PRINTING AND REPRODUCTION,1/30/2017,AP,E0482122,ALLIED PRINTING & MAILING,12/21/2016,12/21/2016,PRINTING & REPRODUCTION,1567,2016,ALLIED PRINTING & MAILING
D000399,HON. LLOYD DOGGETT,2017Q1,OFFICIAL EXPENSES OF MEMBERS,PRINTING AND REPRODUCTION,1/30/2017,AP,E0482159,ALLIED PRINTING & MAILING,12/20/2016,12/20/2016,PRINTING & REPRODUCTION,2969,2016,ALLIED PRINTING & MAILING
D000614,HON. SEAN P. DUFFY,2017Q1,OFFICIAL EXPENSES OF MEMBERS,PRINTING AND REPRODUCTION,3/31/2017,AP,912662,PUBLIC PRINTER,2/2/2017,2/2/2017,PRINTING & REPRODUCTION,1211.56,2017,PUBLIC PRINTER
D000614,HON. SEAN P. DUFFY,2017Q1,OFFICIAL EXPENSES OF MEMBERS,PRINTING AND REPRODUCTION,1/19/2017,AP,E0477943,ACCURATE WORD LLC,12/21/2016,12/21/2016,PRINTING & REPRODUCTION,1054.2,2016,ACCURATE WORD LLC
D000614,HON. SEAN P. DUFFY,2017Q1,OFFICIAL EXPENSES OF MEMBERS,PRINTING AND REPRODUCTION,1/26/2017,AP,E0475705,THE FRANKING GROUP,12/23/2016,12/23/2016,PRINTING & REPRODUCTION,52652,2016,THE FRANKING GROUP
D000533,HON. JOHN J. DUNCAN  JR.,2017Q1,OFFICIAL EXPENSES OF MEMBERS,PRINTING AND REPRODUCTION,3/8/2017,AP,E0491142,RUSSELL PRINTING OPTIONS,12/30/2016,12/30/2016,PRINTING & REPRODUCTION,37372,2016,RUSSELL PRINTING OPTIONS
D000628,HON. NEAL P. DUNN,2017Q1,OFFICIAL EXPENSES OF MEMBERS,PRINTING AND REPRODUCTION,1/27/2017,AP,E0481616,ACCURATE WORD LLC,1/11/2017,1/11/2017,PRINTING & REPRODUCTION,1195,2017,ACCURATE WORD LLC
E000290,HON. DONNA F. EDWARDS,2017Q1,OFFICIAL EXPENSES OF MEMBERS,PRINTING AND REPRODUCTION,2/8/2017,AP,E0485186,TRU-BLU POLITICS LLC,12/8/2016,12/8/2016,PRINTING & REPRODUCTION,64056.2,2016,TRU-BLU POLITICS LLC
E000179,HON. ELIOT L. ENGEL,2017Q1,OFFICIAL EXPENSES OF MEMBERS,PRINTING AND REPRODUCTION,1/30/2017,AP,E0482022,BRANFORD COMMUNICATIONS INC,12/22/2016,12/22/2016,PRINTING & REPRODUCTION,4625,2016,BRANFORD COMMUNICATIONS INC
E000179,HON. ELIOT L. ENGEL,2017Q1,OFFICIAL EXPENSES OF MEMBERS,PRINTING AND REPRODUCTION,1/30/2017,AP,E0482030,BRANFORD COMMUNICATIONS INC,12/30/2016,12/30/2016,PRINTING & REPRODUCTION,4910,2016,BRANFORD COMMUNICATIONS INC
E000179,HON. ELIOT L. ENGEL,2017Q1,OFFICIAL EXPENSES OF MEMBERS,PRINTING AND REPRODUCTION,1/30/2017,AP,E0482031,BRANFORD COMMUNICATIONS INC,12/30/2016,12/30/2016,PRINTING & REPRODUCTION,3470,2016,BRANFORD COMMUNICATIONS INC
E000179,HON. ELIOT L. ENGEL,2017Q1,OFFICIAL EXPENSES OF MEMBERS,PRINTING AND REPRODUCTION,1/31/2017,AP,E0482020,BRANFORD COMMUNICATIONS INC,12/29/2016,12/29/2016,PRINTING & REPRODUCTION,7205,2016,BRANFORD COMMUNICATIONS INC
E000179,HON. ELIOT L. ENGEL,2017Q1,OFFICIAL EXPENSES OF MEMBERS,PRINTING AND REPRODUCTION,1/31/2017,AP,E0482021,BRANFORD COMMUNICATIONS INC,12/28/2016,12/28/2016,PRINTING & REPRODUCTION,17365,2016,BRANFORD COMMUNICATIONS INC
E000179,HON. ELIOT L. ENGEL,2017Q1,OFFICIAL EXPENSES OF MEMBERS,PRINTING AND REPRODUCTION,1/31/2017,AP,E0483276,BRANFORD COMMUNICATIONS INC,12/15/2016,12/15/2016,PRINTING & REPRODUCTION,4227.5,2016,BRANFORD COMMUNICATIONS INC
E000179,HON. ELIOT L. ENGEL,2017Q1,OFFICIAL EXPENSES OF MEMBERS,PRINTING AND REPRODUCTION,1/31/2017,AP,E0483277,BRANFORD COMMUNICATIONS INC,12/28/2016,12/28/2016,PRINTING & REPRODUCTION,4715,2016,BRANFORD COMMUNICATIONS INC
E000179,HON. ELIOT L. ENGEL,2017Q1,OFFICIAL EXPENSES OF MEMBERS,PRINTING AND REPRODUCTION,1/31/2017,AP,E0483295,BRANFORD COMMUNICATIONS INC,12/20/2016,12/20/2016,PRINTING & REPRODUCTION,10353,2016,BRANFORD COMMUNICATIONS INC
E000215,HON. ANNA G. ESHOO,2017Q1,OFFICIAL EXPENSES OF MEMBERS,PRINTING AND REPRODUCTION,3/28/2017,AP,E0499932,ICONSTITUENT LLC,2/16/2017,2/16/2017,PRINTING & REPRODUCTION,2000,2017,ICONSTITUENT LLC
E000215,HON. ANNA G. ESHOO,2017Q1,OFFICIAL EXPENSES OF MEMBERS,PRINTING AND REPRODUCTION,3/31/2017,AP,E0499929,ICONSTITUENT LLC,2/15/2017,2/15/2017,PRINTING & REPRODUCTION,2000,2017,ICONSTITUENT LLC
E000293,HON. ELIZABETH H. ESTY,2017Q1,OFFICIAL EXPENSES OF MEMBERS,PRINTING AND REPRODUCTION,3/9/2017,AP,E0494552,BARILE PRINTERS LLC,2/24/2017,2/24/2017,PRINTING & REPRODUCTION,1106.25,2017,BARILE PRINTERS LLC
F000460,HON. BLAKE FARENTHOLD,2017Q1,OFFICIAL EXPENSES OF MEMBERS,PRINTING AND REPRODUCTION,2/16/2017,AP,902657,PUBLIC PRINTER,1/19/2017,1/19/2017,PRINTING & REPRODUCTION,1309.24,2017,PUBLIC PRINTER
F000460,HON. BLAKE FARENTHOLD,2017Q1,OFFICIAL EXPENSES OF MEMBERS,PRINTING AND REPRODUCTION,1/23/2017,AP,E0481335,ACCURATE WORD LLC,12/9/2016,12/9/2016,PRINTING & REPRODUCTION,1074.35,2016,ACCURATE WORD LLC
F000451,HON. MICHAEL G. FITZPATRICK,2017Q1,OFFICIAL EXPENSES OF MEMBERS,PRINTING AND REPRODUCTION,1/17/2017,AP,E0478733,SHARP ELECTRONICS CORPORATION,7/1/2016,10/12/2016,PRINTING & REPRODUCTION,1368.11,2016,SHARP ELECTRONICS CORPORATION
F000451,2013 HON. MICHAEL G. FITZPATRICK,2017Q1,OFFICIAL EXPENSES OF MEMBERS,PRINTING AND REPRODUCTION,1/13/2017,AP,897448,PUBLIC PRINTER,12/26/2013,12/26/2013,PRINTING & REPRODUCTION,3676.96,2013,PUBLIC PRINTER
F000372,HON. RODNEY P. FRELINGHUYSEN,2017Q1,OFFICIAL EXPENSES OF MEMBERS,PRINTING AND REPRODUCTION,1/3/2017,AP,E0473603,ACCURATE WORD LLC,12/23/2016,12/23/2016,PRINTING & REPRODUCTION,3211.51,2016,ACCURATE WORD LLC
G000571,HON. TULSI GABBARD,2017Q1,OFFICIAL EXPENSES OF MEMBERS,PRINTING AND REPRODUCTION,2/17/2017,AP,904174,CITI PCARD-ENVIRONMENT & ENERGY P,1/3/2017,1/28/2017,PRINTING & REPRODUCTION,2195,2017,CITI PCARD-ENVIRONMENT & ENERGY P
G000571,HON. TULSI GABBARD,2017Q1,OFFICIAL EXPENSES OF MEMBERS,PRINTING AND REPRODUCTION,3/27/2017,AP,E0499784,SERVICE PRINTERS HAWAII INC,12/28/2016,12/28/2016,PRINTING & REPRODUCTION,24061,2016,SERVICE PRINTERS HAWAII INC
G000578,HON. MATT GAETZ,2017Q1,OFFICIAL EXPENSES OF MEMBERS,PRINTING AND REPRODUCTION,3/4/2017,AP,E0491256,DIRECT MAIL SYSTEMS,2/13/2017,2/13/2017,PRINTING & REPRODUCTION,1524.18,2017,DIRECT MAIL SYSTEMS
G000578,HON. MATT GAETZ,2017Q1,OFFICIAL EXPENSES OF MEMBERS,PRINTING AND REPRODUCTION,3/21/2017,AP,E0494784,PRO LEGAL DISCOVERY,2/23/2017,2/23/2017,PRINTING & REPRODUCTION,1134,2017,PRO LEGAL DISCOVERY
G000559,HON. JOHN GARAMENDI,2017Q1,OFFICIAL EXPENSES OF MEMBERS,PRINTING AND REPRODUCTION,3/9/2017,AP,E0496265,JOAN OF ART,2/17/2017,2/17/2017,PRINTING & REPRODUCTION,2825,2017,JOAN OF ART
G000559,HON. JOHN GARAMENDI,2017Q1,OFFICIAL EXPENSES OF MEMBERS,PRINTING AND REPRODUCTION,3/24/2017,AP,E0496278,CODY W CAMPBELL,2/9/2017,2/9/2017,PRINTING & REPRODUCTION,27305.62,2017,CODY W CAMPBELL
G000563,HON. BOB GIBBS,2017Q1,OFFICIAL EXPENSES OF MEMBERS,PRINTING AND REPRODUCTION,2/6/2017,AP,E0480364,HOMETOWN CONNECTIONS INC,12/21/2016,12/21/2016,PRINTING & REPRODUCTION,6700,2016,HOMETOWN CONNECTIONS INC
G000377,HON. KAY GRANGER,2017Q1,OFFICIAL EXPENSES OF MEMBERS,PRINTING AND REPRODUCTION,1/19/2017,AP,900647,CITI PCARD-ACCURATE WORD LLC,11/29/2016,12/28/2016,PRINTING & REPRODUCTION,2081.8,2016,CITI PCARD-ACCURATE WORD LLC
G000556,HON. ALAN GRAYSON,2017Q1,OFFICIAL EXPENSES OF MEMBERS,PRINTING AND REPRODUCTION,2/7/2017,AP,E0483241,R STRATEGY GROUP LLC,12/30/2016,12/30/2016,PRINTING & REPRODUCTION,13022,2016,R STRATEGY GROUP LLC
G000410,HON. GENE GREEN,2017Q1,OFFICIAL EXPENSES OF MEMBERS,PRINTING AND REPRODUCTION,2/21/2017,AP,E0488405,MOUNT VERNON PRINT COMMUNICATIONS,12/28/2016,12/28/2016,PRINTING & REPRODUCTION,17298,2016,MOUNT VERNON PRINT COMMUNICATIONS
G000535,HON. LUIS V. GUTIERREZ,2017Q1,OFFICIAL EXPENSES OF MEMBERS,PRINTING AND REPRODUCTION,2/28/2017,AP,E0490466,CHICAGO PRESS CORPORATION,1/18/2017,1/18/2017,PRINTING & REPRODUCTION,4940,2017,CHICAGO PRESS CORPORATION
H001050,HON. COLLEEN W. HANABUSA,2017Q1,OFFICIAL EXPENSES OF MEMBERS,PRINTING AND REPRODUCTION,1/13/2017,AP,E0478468,ACCURATE WORD LLC,1/3/2016,1/3/2016,PRINTING & REPRODUCTION,1671,2016,ACCURATE WORD LLC
H001051,HON. RICHARD L. HANNA,2017Q1,OFFICIAL EXPENSES OF MEMBERS,PRINTING AND REPRODUCTION,1/13/2017,AP,E0477750,U.S. CAPITOL HISTORICAL SOCIETY,7/28/2016,7/28/2016,PRINTING & REPRODUCTION,1515,2016,U.S. CAPITOL HISTORICAL SOCIETY
H001070,HON. CRESENT HARDY,2017Q1,OFFICIAL EXPENSES OF MEMBERS,PRINTING AND REPRODUCTION,3/6/2017,AP,E0491553,CAPITOL FRANKING GROUP LLC,8/10/2016,8/10/2016,PRINTING & REPRODUCTION,5801,2016,CAPITOL FRANKING GROUP LLC
H001053,HON. VICKY HARTZLER,2017Q1,OFFICIAL EXPENSES OF MEMBERS,PRINTING AND REPRODUCTION,3/14/2017,AP,E0495295,ACCURATE WORD LLC,2/14/2017,2/14/2017,PRINTING & REPRODUCTION,1060,2017,ACCURATE WORD LLC
H000324,HON. ALCEE L. HASTINGS,2017Q1,OFFICIAL EXPENSES OF MEMBERS,PRINTING AND REPRODUCTION,2/2/2017,AP,E0482225,U.S. CAPITOL HISTORICAL SOCIETY,12/6/2016,12/6/2016,PRINTING & REPRODUCTION,1100,2016,U.S. CAPITOL HISTORICAL SOCIETY
H001056,HON. JAIME HERRERA BEUTLER,2017Q1,OFFICIAL EXPENSES OF MEMBERS,PRINTING AND REPRODUCTION,2/27/2017,AP,E0488334,ACCURATE WORD LLC,2/7/2017,2/7/2017,PRINTING & REPRODUCTION,1324.05,2017,ACCURATE WORD LLC
H001065,HON. GEORGE HOLDING,2017Q1,OFFICIAL EXPENSES OF MEMBERS,PRINTING AND REPRODUCTION,2/8/2017,AP,901616,ACCURATE WORD LLC,1/24/2017,1/24/2017,PRINTING & REPRODUCTION,5134.1,2017,ACCURATE WORD LLC
H001058,HON. BILL HUIZENGA,2017Q1,OFFICIAL EXPENSES OF MEMBERS,PRINTING AND REPRODUCTION,1/8/2017,AP,E0473688,ACCURATE WORD LLC,12/21/2016,12/21/2016,PRINTING & REPRODUCTION,1539.15,2016,ACCURATE WORD LLC
I000056,HON. DARRELL E. ISSA,2017Q1,OFFICIAL EXPENSES OF MEMBERS,PRINTING AND REPRODUCTION,3/27/2017,AP,E0499375,THE FRANKING GROUP,2/10/2017,2/10/2017,PRINTING & REPRODUCTION,9387,2017,THE FRANKING GROUP
I000056,HON. DARRELL E. ISSA,2017Q1,OFFICIAL EXPENSES OF MEMBERS,PRINTING AND REPRODUCTION,1/6/2017,AP,E0475237,THE FRANKING GROUP,12/22/2016,12/22/2016,PRINTING & REPRODUCTION,3660,2016,THE FRANKING GROUP
I000056,HON. DARRELL E. ISSA,2017Q1,OFFICIAL EXPENSES OF MEMBERS,PRINTING AND REPRODUCTION,1/6/2017,AP,E0475248,THE FRANKING GROUP,12/21/2016,12/21/2016,PRINTING & REPRODUCTION,4501,2016,THE FRANKING GROUP
I000056,HON. DARRELL E. ISSA,2017Q1,OFFICIAL EXPENSES OF MEMBERS,PRINTING AND REPRODUCTION,1/6/2017,AP,E0475257,THE FRANKING GROUP,12/22/2016,12/22/2016,PRINTING & REPRODUCTION,4013,2016,THE FRANKING GROUP
I000056,HON. DARRELL E. ISSA,2017Q1,OFFICIAL EXPENSES OF MEMBERS,PRINTING AND REPRODUCTION,1/9/2017,AP,E0475260,THE FRANKING GROUP,12/21/2016,12/21/2016,PRINTING & REPRODUCTION,4501,2016,THE FRANKING GROUP
I000056,HON. DARRELL E. ISSA,2017Q1,OFFICIAL EXPENSES OF MEMBERS,PRINTING AND REPRODUCTION,1/9/2017,AP,E0475262,THE FRANKING GROUP,12/22/2016,12/22/2016,PRINTING & REPRODUCTION,2469,2016,THE FRANKING GROUP
J000032,HON. SHEILA JACKSON LEE,2017Q1,OFFICIAL EXPENSES OF MEMBERS,PRINTING AND REPRODUCTION,2/27/2017,AP,E0490984,ACCURATE WORD LLC,1/25/2017,1/25/2017,PRINTING & REPRODUCTION,2340,2017,ACCURATE WORD LLC
J000032,HON. SHEILA JACKSON LEE,2017Q1,OFFICIAL EXPENSES OF MEMBERS,PRINTING AND REPRODUCTION,1/11/2017,AP,E0476751,DAVID L ANDRUKITIS INC,12/29/2016,12/29/2016,PRINTING & REPRODUCTION,1525,2016,DAVID L ANDRUKITIS INC
J000298,HON. PRAMILA JAYAPAL,2017Q1,OFFICIAL EXPENSES OF MEMBERS,PRINTING AND REPRODUCTION,3/6/2017,AP,E0491062,ACCURATE WORD LLC,1/25/2017,1/25/2017,PRINTING & REPRODUCTION,1224.15,2017,ACCURATE WORD LLC
J000294,HON. HAKEEM S. JEFFRIES,2017Q1,OFFICIAL EXPENSES OF MEMBERS,PRINTING AND REPRODUCTION,2/24/2017,AP,906723,CONTROL POINT GROUP LLC,1/12/2017,1/21/2017,PRINTING & REPRODUCTION,2054.08,2017,CONTROL POINT GROUP LLC
J000294,HON. HAKEEM S. JEFFRIES,2017Q1,OFFICIAL EXPENSES OF MEMBERS,PRINTING AND REPRODUCTION,2/24/2017,AP,E0486992,CONTROL POINT GROUP LLC,1/12/2017,1/21/2017,PRINTING & REPRODUCTION,5281.92,2017,CONTROL POINT GROUP LLC
J000294,HON. HAKEEM S. JEFFRIES,2017Q1,OFFICIAL EXPENSES OF MEMBERS,PRINTING AND REPRODUCTION,3/21/2017,AP,912200,CITI PCARD-BRAVO PRINT & MAIL IN,1/29/2017,2/28/2017,PRINTING & REPRODUCTION,1160,2017,CITI PCARD-BRAVO PRINT & MAIL IN
J000294,HON. HAKEEM S. JEFFRIES,2017Q1,OFFICIAL EXPENSES OF MEMBERS,PRINTING AND REPRODUCTION,2/27/2017,AP,E0487081,DIDIT DM LLC,12/29/2016,12/29/2016,PRINTING & REPRODUCTION,41856.25,2016,DIDIT DM LLC
J000297,HON. EVAN H. JENKINS,2017Q1,OFFICIAL EXPENSES OF MEMBERS,PRINTING AND REPRODUCTION,1/12/2017,AP,E0477508,CITIZEN DIALOG LLC,9/18/2016,9/18/2016,PRINTING & REPRODUCTION,2215,2016,CITIZEN DIALOG LLC
J000292,HON. BILL JOHNSON,2017Q1,OFFICIAL EXPENSES OF MEMBERS,PRINTING AND REPRODUCTION,1/19/2017,AP,E0475130,LEIDOS DIGITAL SOLUTIONS INC,12/29/2016,12/29/2016,PRINTING & REPRODUCTION,7467.04,2016,LEIDOS DIGITAL SOLUTIONS INC
J000288,"HON. HENRY C. ""HANK"" JOHNSON  JR.",2017Q1,OFFICIAL EXPENSES OF MEMBERS,PRINTING AND REPRODUCTION,1/18/2017,AP,E0477578,U.S. CAPITOL HISTORICAL SOCIETY,10/31/2016,10/31/2016,PRINTING & REPRODUCTION,1100,2016,U.S. CAPITOL HISTORICAL SOCIETY
J000299,HON. MIKE JOHNSON,2017Q1,OFFICIAL EXPENSES OF MEMBERS,PRINTING AND REPRODUCTION,3/24/2017,AP,908063,ACCURATE WORD LLC,2/28/2017,2/28/2017,PRINTING & REPRODUCTION,1504.05,2017,ACCURATE WORD LLC
K000009,HON. MARCY KAPTUR,2017Q1,OFFICIAL EXPENSES OF MEMBERS,PRINTING AND REPRODUCTION,2/10/2017,AP,E0485897,DAVID L ANDRUKITIS INC,11/23/2016,11/23/2016,PRINTING & REPRODUCTION,1997.5,2016,DAVID L ANDRUKITIS INC
K000390,HON. RUBEN J. KIHUEN,2017Q1,OFFICIAL EXPENSES OF MEMBERS,PRINTING AND REPRODUCTION,3/30/2017,AP,E0501304,ACCURATE WORD LLC,2/9/2017,2/9/2017,PRINTING & REPRODUCTION,1274.8,2017,ACCURATE WORD LLC
K000390,HON. RUBEN J. KIHUEN,2017Q1,OFFICIAL EXPENSES OF MEMBERS,PRINTING AND REPRODUCTION,3/30/2017,AP,E0501307,ACCURATE WORD LLC,2/17/2017,2/17/2017,PRINTING & REPRODUCTION,2020.6,2017,ACCURATE WORD LLC
K000380,HON. DANIEL T. KILDEE,2017Q1,OFFICIAL EXPENSES OF MEMBERS,PRINTING AND REPRODUCTION,3/7/2017,AP,E0492339,ACCURATE WORD LLC,12/19/2016,12/19/2016,PRINTING & REPRODUCTION,1693.5,2016,ACCURATE WORD LLC
K000381,HON. DEREK KILMER,2017Q1,OFFICIAL EXPENSES OF MEMBERS,PRINTING AND REPRODUCTION,2/24/2017,AP,E0487210,TDM COMMUNICATIONS,12/28/2016,12/28/2016,PRINTING & REPRODUCTION,17000,2016,TDM COMMUNICATIONS
K000188,HON. RON KIND,2017Q1,OFFICIAL EXPENSES OF MEMBERS,PRINTING AND REPRODUCTION,1/6/2017,AP,E0473112,ACCURATE WORD LLC,12/21/2016,12/21/2016,PRINTING & REPRODUCTION,7568.4,2016,ACCURATE WORD LLC
K000378,HON. ADAM KINZINGER,2017Q1,OFFICIAL EXPENSES OF MEMBERS,PRINTING AND REPRODUCTION,2/8/2017,AP,E0485181,THE FRANKING GROUP,12/28/2016,12/28/2016,PRINTING & REPRODUCTION,12318,2016,THE FRANKING GROUP
L000573,HON. RAUL R. LABRADOR,2017Q1,OFFICIAL EXPENSES OF MEMBERS,PRINTING AND REPRODUCTION,2/24/2017,AP,E0487523,THE FRANKING GROUP,12/30/2016,12/30/2016,PRINTING & REPRODUCTION,13832,2016,THE FRANKING GROUP
L000585,HON. DARIN LAHOOD,2017Q1,OFFICIAL EXPENSES OF MEMBERS,PRINTING AND REPRODUCTION,1/11/2017,AP,E0474292,AGENCY 7 INC,12/21/2016,12/21/2016,PRINTING & REPRODUCTION,10652.44,2016,AGENCY 7 INC
L000578,HON. DOUG LAMALFA,2017Q1,OFFICIAL EXPENSES OF MEMBERS,PRINTING AND REPRODUCTION,2/28/2017,AP,E0490594,POLLING AMERICA COMMUNICATIONS,12/29/2016,12/29/2016,PRINTING & REPRODUCTION,12483.78,2016,POLLING AMERICA COMMUNICATIONS
L000559,HON. JAMES R. LANGEVIN,2017Q1,OFFICIAL EXPENSES OF MEMBERS,PRINTING AND REPRODUCTION,3/9/2017,AP,E0495367,ACCURATE WORD LLC,2/16/2017,2/16/2017,PRINTING & REPRODUCTION,1191.26,2017,ACCURATE WORD LLC
L000581,HON. BRENDA L. LAWRENCE,2017Q1,OFFICIAL EXPENSES OF MEMBERS,PRINTING AND REPRODUCTION,3/10/2017,AP,E0493534,LETTERPRESS INC,12/29/2016,12/29/2016,PRINTING & REPRODUCTION,4460,2016,LETTERPRESS INC
L000551,HON. BARBARA LEE,2017Q1,OFFICIAL EXPENSES OF MEMBERS,PRINTING AND REPRODUCTION,1/30/2017,AP,E0481191,PACIFIC PRINT RESOURCES,12/19/2016,12/19/2016,PRINTING & REPRODUCTION,10691.43,2016,PACIFIC PRINT RESOURCES
L000263,HON. SANDER M. LEVIN,2017Q1,OFFICIAL EXPENSES OF MEMBERS,PRINTING AND REPRODUCTION,3/2/2017,AP,E0489732,DAVID L ANDRUKITIS INC,12/30/2016,12/30/2016,PRINTING & REPRODUCTION,1227.5,2016,DAVID L ANDRUKITIS INC
L000287,HON. JOHN LEWIS,2017Q1,OFFICIAL EXPENSES OF MEMBERS,PRINTING AND REPRODUCTION,1/17/2017,AP,E0477282,ACCURATE WORD LLC,12/22/2016,12/22/2016,PRINTING & REPRODUCTION,1528.9,2016,ACCURATE WORD LLC
L000397,HON. ZOE LOFGREN,2017Q1,OFFICIAL EXPENSES OF MEMBERS,PRINTING AND REPRODUCTION,2/16/2017,AP,E0488088,U.S. CAPITOL HISTORICAL SOCIETY,11/21/2016,11/21/2016,PRINTING & REPRODUCTION,1100,2016,U.S. CAPITOL HISTORICAL SOCIETY
L000576,HON. BILLY LONG,2017Q1,OFFICIAL EXPENSES OF MEMBERS,PRINTING AND REPRODUCTION,1/4/2017,AP,E0471869,U.S. CAPITOL HISTORICAL SOCIETY,10/26/2016,10/26/2016,PRINTING & REPRODUCTION,1100,2016,U.S. CAPITOL HISTORICAL SOCIETY
L000576,HON. BILLY LONG,2017Q1,OFFICIAL EXPENSES OF MEMBERS,PRINTING AND REPRODUCTION,1/6/2017,AP,E0473023,LETTERPRESS INC,12/1/2016,12/1/2016,PRINTING & REPRODUCTION,1157,2016,LETTERPRESS INC
L000576,HON. BILLY LONG,2017Q1,OFFICIAL EXPENSES OF MEMBERS,PRINTING AND REPRODUCTION,3/8/2017,AP,E0493427,ACCURATE WORD LLC,12/16/2016,12/16/2016,PRINTING & REPRODUCTION,1184.95,2016,ACCURATE WORD LLC
L000583,HON. BARRY LOUDERMILK,2017Q1,OFFICIAL EXPENSES OF MEMBERS,PRINTING AND REPRODUCTION,3/31/2017,AP,912662,PUBLIC PRINTER,1/6/2017,1/6/2017,PRINTING & REPRODUCTION,4846.24,2017,PUBLIC PRINTER
L000583,HON. BARRY LOUDERMILK,2017Q1,OFFICIAL EXPENSES OF MEMBERS,PRINTING AND REPRODUCTION,1/13/2017,AP,E0476270,ACCURATE WORD LLC,12/22/2016,12/22/2016,PRINTING & REPRODUCTION,1069,2016,ACCURATE WORD LLC
L000579,HON. ALAN S. LOWENTHAL,2017Q1,OFFICIAL EXPENSES OF MEMBERS,PRINTING AND REPRODUCTION,1/17/2017,AP,E0478625,ACCURATE WORD LLC,12/30/2016,12/30/2016,PRINTING & REPRODUCTION,1649.05,2016,ACCURATE WORD LLC
L000491,HON. FRANK D. LUCAS,2017Q1,OFFICIAL EXPENSES OF MEMBERS,PRINTING AND REPRODUCTION,1/6/2017,AP,E0474947,DAVID L ANDRUKITIS INC,12/6/2016,12/6/2016,PRINTING & REPRODUCTION,1427.5,2016,DAVID L ANDRUKITIS INC
L000569,HON. BLAINE LUETKEMEYER,2017Q1,OFFICIAL EXPENSES OF MEMBERS,PRINTING AND REPRODUCTION,2/27/2017,AP,E0488978,CAPITOL FRANKING GROUP LLC,12/16/2016,12/16/2016,PRINTING & REPRODUCTION,4350,2016,CAPITOL FRANKING GROUP LLC
L000562,HON. STEPHEN F. LYNCH,2017Q1,OFFICIAL EXPENSES OF MEMBERS,PRINTING AND REPRODUCTION,2/3/2017,AP,E0483959,DAVID L ANDRUKITIS INC,12/19/2016,12/19/2016,PRINTING & REPRODUCTION,1157.95,2016,DAVID L ANDRUKITIS INC
M001163,HON. DORIS MATSUI,2017Q1,OFFICIAL EXPENSES OF MEMBERS,PRINTING AND REPRODUCTION,2/21/2017,AP,E0489837,DAVID L ANDRUKITIS INC,12/30/2016,12/30/2016,PRINTING & REPRODUCTION,1479.5,2016,DAVID L ANDRUKITIS INC
M001165,HON. KEVIN MCCARTHY,2017Q1,OFFICIAL EXPENSES OF MEMBERS,PRINTING AND REPRODUCTION,2/3/2017,AP,E0484089,ACCURATE WORD LLC,12/23/2016,12/23/2016,PRINTING & REPRODUCTION,6854,2016,ACCURATE WORD LLC
M001156,HON. PATRICK T. MCHENRY,2017Q1,OFFICIAL EXPENSES OF MEMBERS,PRINTING AND REPRODUCTION,2/2/2017,AP,E0480089,PREMIER FRANKING SERVICES INC,12/29/2016,12/29/2016,PRINTING & REPRODUCTION,9441.52,2016,PREMIER FRANKING SERVICES INC
M001180,HON. DAVID B. MCKINLEY,2017Q1,OFFICIAL EXPENSES OF MEMBERS,PRINTING AND REPRODUCTION,2/14/2017,AP,E0486481,OFFICIAL COMMUNICATION STRATEGIES,12/30/2016,12/30/2016,PRINTING & REPRODUCTION,19135.59,2016,OFFICIAL COMMUNICATION STRATEGIES
M001197,HON. MARTHA MCSALLY,2017Q1,OFFICIAL EXPENSES OF MEMBERS,PRINTING AND REPRODUCTION,1/11/2017,AP,E0478020,ACCURATE WORD LLC,12/27/2016,12/27/2016,PRINTING & REPRODUCTION,1926.35,2016,ACCURATE WORD LLC
M001195,HON. ALEXANDER X. MOONEY,2017Q1,OFFICIAL EXPENSES OF MEMBERS,PRINTING AND REPRODUCTION,3/27/2017,AP,E0498777,CITIZEN DIALOG LLC,3/1/2017,3/1/2017,PRINTING & REPRODUCTION,13950,2017,CITIZEN DIALOG LLC
M001160,HON. GWEN MOORE,2017Q1,OFFICIAL EXPENSES OF MEMBERS,PRINTING AND REPRODUCTION,3/5/2017,AP,E0492110,LETTERPRESS INC,12/8/2016,12/8/2016,PRINTING & REPRODUCTION,1013,2016,LETTERPRESS INC
M001196,HON. SETH MOULTON,2017Q1,OFFICIAL EXPENSES OF MEMBERS,PRINTING AND REPRODUCTION,1/23/2017,AP,E0480615,ACCURATE WORD LLC,1/10/2017,1/10/2017,PRINTING & REPRODUCTION,2959.99,2017,ACCURATE WORD LLC
M001196,HON. SETH MOULTON,2017Q1,OFFICIAL EXPENSES OF MEMBERS,PRINTING AND REPRODUCTION,1/12/2017,AP,897337,JARED CHARNEY,12/7/2016,12/7/2016,PRINTING & REPRODUCTION,2125,2016,JARED CHARNEY
M001196,HON. SETH MOULTON,2017Q1,OFFICIAL EXPENSES OF MEMBERS,PRINTING AND REPRODUCTION,2/10/2017,AP,902375,ACCURATE WORD LLC,12/30/2016,12/30/2016,PRINTING & REPRODUCTION,2959.99,2016,ACCURATE WORD LLC
N000189,HON. DAN NEWHOUSE,2017Q1,OFFICIAL EXPENSES OF MEMBERS,PRINTING AND REPRODUCTION,1/13/2017,AP,E0476009,ACCURATE WORD LLC,12/30/2016,12/30/2016,PRINTING & REPRODUCTION,1011,2016,ACCURATE WORD LLC
N000189,HON. DAN NEWHOUSE,2017Q1,OFFICIAL EXPENSES OF MEMBERS,PRINTING AND REPRODUCTION,2/14/2017,AP,E0485917,THE FRANKING GROUP,12/23/2016,12/23/2016,PRINTING & REPRODUCTION,25472,2016,THE FRANKING GROUP
N000188,HON. DONALD NORCROSS,2017Q1,OFFICIAL EXPENSES OF MEMBERS,PRINTING AND REPRODUCTION,1/3/2017,AP,E0473911,U.S. CAPITOL HISTORICAL SOCIETY,11/30/2016,11/30/2016,PRINTING & REPRODUCTION,1100,2016,U.S. CAPITOL HISTORICAL SOCIETY
N000188,HON. DONALD NORCROSS,2017Q1,OFFICIAL EXPENSES OF MEMBERS,PRINTING AND REPRODUCTION,1/5/2017,AP,E0474610,TK PROMOTIONS INC,12/29/2016,12/29/2016,PRINTING & REPRODUCTION,4792.73,2016,TK PROMOTIONS INC
N000181,HON. DEVIN NUNES,2017Q1,OFFICIAL EXPENSES OF MEMBERS,PRINTING AND REPRODUCTION,1/25/2017,AP,E0480474,CENTRAL VALLEY BUSINESS FORMS INC,9/30/2016,9/30/2016,PRINTING & REPRODUCTION,3774.21,2016,CENTRAL VALLEY BUSINESS FORMS INC
O000171,HON. TOM O'HALLERAN,2017Q1,OFFICIAL EXPENSES OF MEMBERS,PRINTING AND REPRODUCTION,3/24/2017,AP,E0498507,LOOKS GOOD PRINTING AND SIGN SERVICES,3/13/2017,3/13/2017,PRINTING & REPRODUCTION,1241.12,2017,LOOKS GOOD PRINTING AND SIGN SERVICES
O000170,"HON. BETO O""ROURKE",2017Q1,OFFICIAL EXPENSES OF MEMBERS,PRINTING AND REPRODUCTION,1/13/2017,AP,E0479181,ACCURATE WORD LLC,12/22/2016,12/22/2016,PRINTING & REPRODUCTION,1589.64,2016,ACCURATE WORD LLC
P000601,HON. STEVEN M. PALAZZO,2017Q1,OFFICIAL EXPENSES OF MEMBERS,PRINTING AND REPRODUCTION,3/14/2017,AP,E0494180,ACCURATE WORD LLC,2/28/2017,2/28/2017,PRINTING & REPRODUCTION,1188.25,2017,ACCURATE WORD LLC
P000601,HON. STEVEN M. PALAZZO,2017Q1,OFFICIAL EXPENSES OF MEMBERS,PRINTING AND REPRODUCTION,1/20/2017,AP,E0478219,ACCURATE WORD LLC,12/22/2016,12/22/2016,PRINTING & REPRODUCTION,1038,2016,ACCURATE WORD LLC
P000034,HON. FRANK PALLONE  JR.,2017Q1,OFFICIAL EXPENSES OF MEMBERS,PRINTING AND REPRODUCTION,1/10/2017,AP,E0476395,DAVID L ANDRUKITIS INC,12/20/2016,12/20/2016,PRINTING & REPRODUCTION,1797.5,2016,DAVID L ANDRUKITIS INC
P000034,HON. FRANK PALLONE  JR.,2017Q1,OFFICIAL EXPENSES OF MEMBERS,PRINTING AND REPRODUCTION,3/31/2017,AP,E0501372,ROYAL PRINTING SERVICE,12/28/2016,12/28/2016,PRINTING & REPRODUCTION,37500,2016,ROYAL PRINTING SERVICE
P000596,HON. PEDRO R. PIERLUISI,2017Q1,OFFICIAL EXPENSES OF MEMBERS,PRINTING AND REPRODUCTION,2/14/2017,AP,E0485070,MEDIA MANAGEMENT&PARTNERS,12/5/2016,12/8/2016,PRINTING & REPRODUCTION,79413.88,2016,MEDIA MANAGEMENT&PARTNERS
P000596,HON. PEDRO R. PIERLUISI,2017Q1,OFFICIAL EXPENSES OF MEMBERS,PRINTING AND REPRODUCTION,2/23/2017,AP,E0485071,MEDIA MANAGEMENT&PARTNERS,10/19/2016,11/4/2016,PRINTING & REPRODUCTION,68584.57,2016,MEDIA MANAGEMENT&PARTNERS
P000597,HON. CHELLIE PINGREE,2017Q1,OFFICIAL EXPENSES OF MEMBERS,PRINTING AND REPRODUCTION,3/27/2017,AP,E0500973,DAVID L ANDRUKITIS INC,12/30/2016,12/30/2016,PRINTING & REPRODUCTION,1028.69,2016,DAVID L ANDRUKITIS INC
P000598,HON. JARED POLIS,2017Q1,OFFICIAL EXPENSES OF MEMBERS,PRINTING AND REPRODUCTION,1/5/2017,AP,E0472407,MAIL MATTERS LLC,8/10/2016,8/10/2016,PRINTING & REPRODUCTION,16327.24,2016,MAIL MATTERS LLC
P000599,HON. BILL POSEY,2017Q1,OFFICIAL EXPENSES OF MEMBERS,PRINTING AND REPRODUCTION,3/8/2017,AP,E0491602,LAUNCHMARK INC,2/6/2017,2/6/2017,PRINTING & REPRODUCTION,1978,2017,LAUNCHMARK INC
R000601,HON. JOHN RATCLIFFE,2017Q1,OFFICIAL EXPENSES OF MEMBERS,PRINTING AND REPRODUCTION,1/19/2017,AP,E0478316,FRANKING SENSE LLC,12/22/2016,12/22/2016,PRINTING & REPRODUCTION,9900,2016,FRANKING SENSE LLC
R000601,HON. JOHN RATCLIFFE,2017Q1,OFFICIAL EXPENSES OF MEMBERS,PRINTING AND REPRODUCTION,1/31/2017,AP,E0482257,OFFICIAL COMMUNICATION STRATEGIES,12/14/2016,12/14/2016,PRINTING & REPRODUCTION,12178.58,2016,OFFICIAL COMMUNICATION STRATEGIES
R000585,HON. TOM REED,2017Q1,OFFICIAL EXPENSES OF MEMBERS,PRINTING AND REPRODUCTION,3/13/2017,AP,E0494397,CAPITOL FRANKING GROUP LLC,12/30/2016,12/30/2016,PRINTING & REPRODUCTION,18348,2016,CAPITOL FRANKING GROUP LLC
R000592,HON. TODD ROKITA,2017Q1,OFFICIAL EXPENSES OF MEMBERS,PRINTING AND REPRODUCTION,1/6/2017,AP,E0471216,OFFICIAL COMMUNICATION STRATEGIES,7/29/2016,7/29/2016,PRINTING & REPRODUCTION,22512.64,2016,OFFICIAL COMMUNICATION STRATEGIES
R000592,HON. TODD ROKITA,2017Q1,OFFICIAL EXPENSES OF MEMBERS,PRINTING AND REPRODUCTION,1/6/2017,AP,E0471219,OFFICIAL COMMUNICATION STRATEGIES,8/2/2016,8/2/2016,PRINTING & REPRODUCTION,26458.84,2016,OFFICIAL COMMUNICATION STRATEGIES
R000592,HON. TODD ROKITA,2017Q1,OFFICIAL EXPENSES OF MEMBERS,PRINTING AND REPRODUCTION,2/10/2017,AP,E0483672,FRANKING SENSE LLC,12/30/2016,12/30/2016,PRINTING & REPRODUCTION,11950,2016,FRANKING SENSE LLC
R000607,HON. FRANCIS ROONEY,2017Q1,OFFICIAL EXPENSES OF MEMBERS,PRINTING AND REPRODUCTION,2/9/2017,AP,E0486283,ACCURATE WORD LLC,1/24/2017,1/24/2017,PRINTING & REPRODUCTION,1023,2017,ACCURATE WORD LLC
R000583,HON. THOMAS J. ROONEY,2017Q1,OFFICIAL EXPENSES OF MEMBERS,PRINTING AND REPRODUCTION,3/31/2017,AP,912662,PUBLIC PRINTER,1/5/2017,1/5/2017,PRINTING & REPRODUCTION,1938.26,2017,PUBLIC PRINTER
R000583,HON. THOMAS J. ROONEY,2017Q1,OFFICIAL EXPENSES OF MEMBERS,PRINTING AND REPRODUCTION,1/4/2017,AP,E0471687,AGENCY 7 INC,11/30/2016,11/30/2016,PRINTING & REPRODUCTION,4082.5,2016,AGENCY 7 INC
R000583,HON. THOMAS J. ROONEY,2017Q1,OFFICIAL EXPENSES OF MEMBERS,PRINTING AND REPRODUCTION,2/2/2017,AP,E0481631,CREATIVE FRANKING,12/22/2016,12/22/2016,PRINTING & REPRODUCTION,1100,2016,CREATIVE FRANKING
R000583,HON. THOMAS J. ROONEY,2017Q1,OFFICIAL EXPENSES OF MEMBERS,PRINTING AND REPRODUCTION,2/21/2017,AP,E0487871,CREATIVE FRANKING,12/21/2016,12/21/2016,PRINTING & REPRODUCTION,7650,2016,CREATIVE FRANKING
R000435,HON. ILEANA ROS-LEHTINEN,2017Q1,OFFICIAL EXPENSES OF MEMBERS,PRINTING AND REPRODUCTION,2/2/2017,AP,E0480403,AGENCY 7 INC,1/5/2017,1/5/2017,PRINTING & REPRODUCTION,9088.11,2017,AGENCY 7 INC
R000435,HON. ILEANA ROS-LEHTINEN,2017Q1,OFFICIAL EXPENSES OF MEMBERS,PRINTING AND REPRODUCTION,1/30/2017,AP,E0480389,AGENCY 7 INC,12/30/2016,12/30/2016,PRINTING & REPRODUCTION,15600,2016,AGENCY 7 INC
R000435,HON. ILEANA ROS-LEHTINEN,2017Q1,OFFICIAL EXPENSES OF MEMBERS,PRINTING AND REPRODUCTION,2/7/2017,AP,E0481797,AUTOMATED SIGNATURE TECHNOLOGY INC,12/31/2016,12/31/2016,PRINTING & REPRODUCTION,1300,2016,AUTOMATED SIGNATURE TECHNOLOGY INC
R000608,HON. JACKY ROSEN,2017Q1,OFFICIAL EXPENSES OF MEMBERS,PRINTING AND REPRODUCTION,2/10/2017,AP,E0486782,ACCURATE WORD LLC,2/3/2017,2/3/2017,PRINTING & REPRODUCTION,3323.2,2017,ACCURATE WORD LLC
R000603,HON. DAVID ROUZER,2017Q1,OFFICIAL EXPENSES OF MEMBERS,PRINTING AND REPRODUCTION,1/13/2017,AP,E0476391,CAPITOL FRANKING GROUP LLC,12/30/2016,12/30/2016,PRINTING & REPRODUCTION,42396,2016,CAPITOL FRANKING GROUP LLC
R000486,HON. LUCILLE ROYBAL-ALLARD,2017Q1,OFFICIAL EXPENSES OF MEMBERS,PRINTING AND REPRODUCTION,3/3/2017,AP,E0492384,BULLSEYE MARKETING,12/22/2016,12/22/2016,PRINTING & REPRODUCTION,2549.95,2016,BULLSEYE MARKETING
R000570,HON. PAUL D. RYAN,2017Q1,OFFICIAL EXPENSES OF MEMBERS,PRINTING AND REPRODUCTION,2/2/2017,AP,E0481074,THE FRANKING GROUP,12/27/2016,12/27/2016,PRINTING & REPRODUCTION,28645,2016,THE FRANKING GROUP
S001177,HON. GREGORIO SABLAN,2017Q1,OFFICIAL EXPENSES OF MEMBERS,PRINTING AND REPRODUCTION,3/17/2017,AP,909697,ELAINE TAKAI PANGELINAN,8/1/2016,8/1/2016,PRINTING & REPRODUCTION,6900,2016,ELAINE TAKAI PANGELINAN
S001176,HON. STEVE SCALISE,2017Q1,OFFICIAL EXPENSES OF MEMBERS,PRINTING AND REPRODUCTION,3/23/2017,AP,E0498508,ATTICUS MEDIA LLC,3/8/2017,3/8/2017,PRINTING & REPRODUCTION,1739.72,2017,ATTICUS MEDIA LLC
S001180,HON. KURT SCHRADER,2017Q1,OFFICIAL EXPENSES OF MEMBERS,PRINTING AND REPRODUCTION,2/9/2017,AP,E0482539,WINNING MARK,12/30/2016,12/30/2016,PRINTING & REPRODUCTION,20980,2016,WINNING MARK
S001180,HON. KURT SCHRADER,2017Q1,OFFICIAL EXPENSES OF MEMBERS,PRINTING AND REPRODUCTION,2/9/2017,AP,E0482540,WINNING MARK,12/30/2016,12/30/2016,PRINTING & REPRODUCTION,16738.67,2016,WINNING MARK
S001189,HON. AUSTIN SCOTT,2017Q1,OFFICIAL EXPENSES OF MEMBERS,PRINTING AND REPRODUCTION,1/27/2017,AP,E0479897,AGENCY 7 INC,12/27/2016,12/27/2016,PRINTING & REPRODUCTION,11844.78,2016,AGENCY 7 INC
S000244,HON. F. JAMES SENSENBRENNER  JR.,2017Q1,OFFICIAL EXPENSES OF MEMBERS,PRINTING AND REPRODUCTION,3/6/2017,AP,E0488318,REVOLVIS CONSULTING INC,12/31/2016,12/31/2016,PRINTING & REPRODUCTION,18929.96,2016,REVOLVIS CONSULTING INC
S001185,HON. TERRI A. SEWELL,2017Q1,OFFICIAL EXPENSES OF MEMBERS,PRINTING AND REPRODUCTION,3/21/2017,AP,E0497750,ACCURATE WORD LLC,3/2/2017,3/2/2017,PRINTING & REPRODUCTION,1264.45,2017,ACCURATE WORD LLC
S001185,HON. TERRI A. SEWELL,2017Q1,OFFICIAL EXPENSES OF MEMBERS,PRINTING AND REPRODUCTION,1/23/2017,AP,E0479272,ACCURATE WORD LLC,12/22/2016,12/22/2016,PRINTING & REPRODUCTION,1019.65,2016,ACCURATE WORD LLC
S000344,HON. BRAD SHERMAN,2017Q1,OFFICIAL EXPENSES OF MEMBERS,PRINTING AND REPRODUCTION,2/10/2017,AP,E0486052,BLASI PRINTING CORP,2/2/2017,2/2/2017,PRINTING & REPRODUCTION,4617.5,2017,BLASI PRINTING CORP
S000344,HON. BRAD SHERMAN,2017Q1,OFFICIAL EXPENSES OF MEMBERS,PRINTING AND REPRODUCTION,1/30/2017,AP,E0482269,DAVID L ANDRUKITIS INC,12/30/2016,12/30/2016,PRINTING & REPRODUCTION,14139.5,2016,DAVID L ANDRUKITIS INC
S001191,HON. KYRSTEN SINEMA,2017Q1,OFFICIAL EXPENSES OF MEMBERS,PRINTING AND REPRODUCTION,2/16/2017,AP,902657,PUBLIC PRINTER,1/19/2017,1/19/2017,PRINTING & REPRODUCTION,1433,2017,PUBLIC PRINTER
S001191,HON. KYRSTEN SINEMA,2017Q1,OFFICIAL EXPENSES OF MEMBERS,PRINTING AND REPRODUCTION,3/31/2017,AP,912662,PUBLIC PRINTER,1/17/2017,1/17/2017,PRINTING & REPRODUCTION,1453.4,2017,PUBLIC PRINTER
S001191,HON. KYRSTEN SINEMA,2017Q1,OFFICIAL EXPENSES OF MEMBERS,PRINTING AND REPRODUCTION,1/6/2017,AP,E0474873,ACCURATE WORD LLC,12/23/2016,12/23/2016,PRINTING & REPRODUCTION,1382.2,2016,ACCURATE WORD LLC
S001191,HON. KYRSTEN SINEMA,2017Q1,OFFICIAL EXPENSES OF MEMBERS,PRINTING AND REPRODUCTION,2/14/2017,AP,E0486569,TDM COMMUNICATIONS,12/29/2016,12/29/2016,PRINTING & REPRODUCTION,15950,2016,TDM COMMUNICATIONS
S001165,HON. ALBIO SIRES,2017Q1,OFFICIAL EXPENSES OF MEMBERS,PRINTING AND REPRODUCTION,1/12/2017,AP,E0475877,DAVID L ANDRUKITIS INC,12/10/2016,12/10/2016,PRINTING & REPRODUCTION,8648.7,2016,DAVID L ANDRUKITIS INC
S000510,HON. ADAM SMITH,2017Q1,OFFICIAL EXPENSES OF MEMBERS,PRINTING AND REPRODUCTION,2/4/2017,AP,E0482025,OVERNIGHT PRINTING&GRAPHICS INC,11/16/2016,11/16/2016,PRINTING & REPRODUCTION,2076.27,2016,OVERNIGHT PRINTING&GRAPHICS INC
S000510,HON. ADAM SMITH,2017Q1,OFFICIAL EXPENSES OF MEMBERS,PRINTING AND REPRODUCTION,3/7/2017,AP,E0489773,OVERNIGHT PRINTING&GRAPHICS INC,12/30/2016,12/30/2016,PRINTING & REPRODUCTION,1449.33,2016,OVERNIGHT PRINTING&GRAPHICS INC
S000583,HON. LAMAR SMITH,2017Q1,OFFICIAL EXPENSES OF MEMBERS,PRINTING AND REPRODUCTION,3/27/2017,AP,E0498425,REVOLVIS CONSULTING INC,3/8/2017,3/8/2017,PRINTING & REPRODUCTION,9879.7,2017,REVOLVIS CONSULTING INC
S001200,HON. DARREN SOTO,2017Q1,OFFICIAL EXPENSES OF MEMBERS,PRINTING AND REPRODUCTION,2/14/2017,AP,E0486804,ACCURATE WORD LLC,1/6/2017,1/6/2017,PRINTING & REPRODUCTION,1195,2017,ACCURATE WORD LLC
S001196,HON. ELISE M. STEFANIK,2017Q1,OFFICIAL EXPENSES OF MEMBERS,PRINTING AND REPRODUCTION,1/3/2017,AP,E0472719,THE FRANKING GROUP,12/6/2016,12/6/2016,PRINTING & REPRODUCTION,1558,2016,THE FRANKING GROUP
S001192,HON. CHRIS STEWART,2017Q1,OFFICIAL EXPENSES OF MEMBERS,PRINTING AND REPRODUCTION,3/11/2017,AP,E0494728,ACCURATE WORD LLC,3/2/2017,3/2/2017,PRINTING & REPRODUCTION,1055,2017,ACCURATE WORD LLC
S001187,HON. STEVE STIVERS,2017Q1,OFFICIAL EXPENSES OF MEMBERS,PRINTING AND REPRODUCTION,2/5/2017,AP,E0482483,THE FRANKING GROUP,12/6/2016,12/6/2016,PRINTING & REPRODUCTION,3843,2016,THE FRANKING GROUP
S001187,HON. STEVE STIVERS,2017Q1,OFFICIAL EXPENSES OF MEMBERS,PRINTING AND REPRODUCTION,3/2/2017,AP,E0489232,THE FRANKING GROUP,12/30/2016,12/30/2016,PRINTING & REPRODUCTION,2934,2016,THE FRANKING GROUP
S001187,HON. STEVE STIVERS,2017Q1,OFFICIAL EXPENSES OF MEMBERS,PRINTING AND REPRODUCTION,3/2/2017,AP,E0489236,THE FRANKING GROUP,12/30/2016,12/30/2016,PRINTING & REPRODUCTION,3296,2016,THE FRANKING GROUP
S001187,HON. STEVE STIVERS,2017Q1,OFFICIAL EXPENSES OF MEMBERS,PRINTING AND REPRODUCTION,3/2/2017,AP,E0489243,THE FRANKING GROUP,12/30/2016,12/30/2016,PRINTING & REPRODUCTION,2934,2016,THE FRANKING GROUP
S001187,HON. STEVE STIVERS,2017Q1,OFFICIAL EXPENSES OF MEMBERS,PRINTING AND REPRODUCTION,3/2/2017,AP,E0489252,THE FRANKING GROUP,12/30/2016,12/30/2016,PRINTING & REPRODUCTION,2934,2016,THE FRANKING GROUP
S001193,HON. ERIC SWALWELL,2017Q1,OFFICIAL EXPENSES OF MEMBERS,PRINTING AND REPRODUCTION,1/13/2017,AP,E0477572,PATRIOT CONTACT INC,12/22/2016,12/22/2016,PRINTING & REPRODUCTION,13750,2016,PATRIOT CONTACT INC
T000193,HON. BENNIE G. THOMPSON,2017Q1,OFFICIAL EXPENSES OF MEMBERS,PRINTING AND REPRODUCTION,2/27/2017,AP,E0488961,DAVID L ANDRUKITIS INC,12/12/2016,12/12/2016,PRINTING & REPRODUCTION,1079.65,2016,DAVID L ANDRUKITIS INC
T000469,HON. PAUL D. TONKO,2017Q1,OFFICIAL EXPENSES OF MEMBERS,PRINTING AND REPRODUCTION,2/16/2017,AP,902657,PUBLIC PRINTER,1/11/2017,1/11/2017,PRINTING & REPRODUCTION,1433,2017,PUBLIC PRINTER
T000474,HON. NORMA J. TORRES,2017Q1,OFFICIAL EXPENSES OF MEMBERS,PRINTING AND REPRODUCTION,2/7/2017,AP,E0484670,CONSTITUENT COMMUNICATION,12/29/2016,12/29/2016,PRINTING & REPRODUCTION,13393.65,2016,CONSTITUENT COMMUNICATION
V000129,HON. DAVID G. VALADAO,2017Q1,OFFICIAL EXPENSES OF MEMBERS,PRINTING AND REPRODUCTION,3/27/2017,AP,E0498900,THE FRANKING GROUP,3/1/2017,3/1/2017,PRINTING & REPRODUCTION,4181,2017,THE FRANKING GROUP
V000129,HON. DAVID G. VALADAO,2017Q1,OFFICIAL EXPENSES OF MEMBERS,PRINTING AND REPRODUCTION,3/31/2017,AP,E0501016,THE FRANKING GROUP,2/6/2017,2/6/2017,PRINTING & REPRODUCTION,7466,2017,THE FRANKING GROUP
V000130,HON. JUAN VARGAS,2017Q1,OFFICIAL EXPENSES OF MEMBERS,PRINTING AND REPRODUCTION,1/5/2017,AP,E0473749,DEFRANCE PRINTING COMPANY,12/2/2016,12/8/2016,PRINTING & REPRODUCTION,31571.86,2016,DEFRANCE PRINTING COMPANY
V000130,HON. JUAN VARGAS,2017Q1,OFFICIAL EXPENSES OF MEMBERS,PRINTING AND REPRODUCTION,1/30/2017,AP,901329,ELEVATE LLC,12/8/2016,12/8/2016,PRINTING & REPRODUCTION,10411.72,2016,ELEVATE LLC
V000131,HON. MARC A. VEASEY,2017Q1,OFFICIAL EXPENSES OF MEMBERS,PRINTING AND REPRODUCTION,2/2/2017,AP,E0483901,MAP,12/2/2016,12/2/2016,PRINTING & REPRODUCTION,13785,2016,MAP
V000132,HON. FILEMON VELA,2017Q1,OFFICIAL EXPENSES OF MEMBERS,PRINTING AND REPRODUCTION,1/18/2017,AP,E0475853,LETTERPRESS INC,12/23/2016,12/23/2016,PRINTING & REPRODUCTION,10467,2016,LETTERPRESS INC
V000108,HON. PETER J. VISCLOSKY,2017Q1,OFFICIAL EXPENSES OF MEMBERS,PRINTING AND REPRODUCTION,3/23/2017,AP,E0495843,DAVID L ANDRUKITIS INC,1/4/2017,1/4/2017,PRINTING & REPRODUCTION,2307.7,2017,DAVID L ANDRUKITIS INC
V000108,HON. PETER J. VISCLOSKY,2017Q1,OFFICIAL EXPENSES OF MEMBERS,PRINTING AND REPRODUCTION,3/7/2017,AP,907325,MISS PRINT,12/22/2016,12/22/2016,PRINTING & REPRODUCTION,8607.5,2016,MISS PRINT
W000798,HON. TIM WALBERG,2017Q1,OFFICIAL EXPENSES OF MEMBERS,PRINTING AND REPRODUCTION,3/31/2017,AP,912662,PUBLIC PRINTER,1/26/2017,1/26/2017,PRINTING & REPRODUCTION,2423.12,2017,PUBLIC PRINTER
W000820,HON. MIMI WALTERS,2017Q1,OFFICIAL EXPENSES OF MEMBERS,PRINTING AND REPRODUCTION,3/27/2017,AP,E0499911,ACCURATE WORD LLC,3/7/2017,3/7/2017,PRINTING & REPRODUCTION,1789.5,2017,ACCURATE WORD LLC
W000820,HON. MIMI WALTERS,2017Q1,OFFICIAL EXPENSES OF MEMBERS,PRINTING AND REPRODUCTION,1/17/2017,AP,E0478675,POLLING AMERICA COMMUNICATIONS,12/22/2016,12/22/2016,PRINTING & REPRODUCTION,2287,2016,POLLING AMERICA COMMUNICATIONS
W000820,HON. MIMI WALTERS,2017Q1,OFFICIAL EXPENSES OF MEMBERS,PRINTING AND REPRODUCTION,1/27/2017,AP,E0480000,POLLING AMERICA COMMUNICATIONS,12/22/2016,12/22/2016,PRINTING & REPRODUCTION,7868.53,2016,POLLING AMERICA COMMUNICATIONS
W000820,HON. MIMI WALTERS,2017Q1,OFFICIAL EXPENSES OF MEMBERS,PRINTING AND REPRODUCTION,3/6/2017,AP,E0492649,ACCURATE WORD LLC,12/28/2016,12/28/2016,PRINTING & REPRODUCTION,1862,2016,ACCURATE WORD LLC
W000820,HON. MIMI WALTERS,2017Q1,OFFICIAL EXPENSES OF MEMBERS,PRINTING AND REPRODUCTION,3/6/2017,AP,E0492651,ACCURATE WORD LLC,12/30/2016,12/30/2016,PRINTING & REPRODUCTION,2690.6,2016,ACCURATE WORD LLC
W000814,HON. RANDY K. WEBER  SR.,2017Q1,OFFICIAL EXPENSES OF MEMBERS,PRINTING AND REPRODUCTION,1/9/2017,AP,E0475629,DAVID L ANDRUKITIS INC,12/23/2016,12/23/2016,PRINTING & REPRODUCTION,3597.5,2016,DAVID L ANDRUKITIS INC
W000795,HON. JOE WILSON,2017Q1,OFFICIAL EXPENSES OF MEMBERS,PRINTING AND REPRODUCTION,3/9/2017,AP,E0493071,ATTICUS MEDIA LLC,2/9/2017,2/9/2017,PRINTING & REPRODUCTION,16103.75,2017,ATTICUS MEDIA LLC
W000804,HON. ROBERT J. WITTMAN,2017Q1,OFFICIAL EXPENSES OF MEMBERS,PRINTING AND REPRODUCTION,3/23/2017,AP,908027,THE FRANKING GROUP,2/17/2017,2/17/2017,PRINTING & REPRODUCTION,3974,2017,THE FRANKING GROUP
W000804,HON. ROBERT J. WITTMAN,2017Q1,OFFICIAL EXPENSES OF MEMBERS,PRINTING AND REPRODUCTION,3/23/2017,AP,908028,THE FRANKING GROUP,2/17/2017,2/17/2017,PRINTING & REPRODUCTION,3973,2017,THE FRANKING GROUP
W000809,HON. STEVE WOMACK,2017Q1,OFFICIAL EXPENSES OF MEMBERS,PRINTING AND REPRODUCTION,1/13/2017,AP,E0476105,CAPITOL FRANKING GROUP LLC,12/30/2016,12/30/2016,PRINTING & REPRODUCTION,5212,2016,CAPITOL FRANKING GROUP LLC
W000810,HON. ROB WOODALL,2017Q1,OFFICIAL EXPENSES OF MEMBERS,PRINTING AND REPRODUCTION,2/2/2017,AP,E0480476,CAPITOL FRANKING GROUP LLC,8/9/2016,8/9/2016,PRINTING & REPRODUCTION,16892,2016,CAPITOL FRANKING GROUP LLC
Y000063,HON. KEVIN YODER,2017Q1,OFFICIAL EXPENSES OF MEMBERS,PRINTING AND REPRODUCTION,2/1/2017,AP,E0483176,ACCURATE WORD LLC,1/19/2017,1/19/2017,PRINTING & REPRODUCTION,1347,2017,ACCURATE WORD LLC
Z000017,HON. LEE M. ZELDIN,2017Q1,OFFICIAL EXPENSES OF MEMBERS,PRINTING AND REPRODUCTION,3/28/2017,AP,E0499816,PDQ PRINT AND MAIL SERVICES INC,2/10/2017,2/10/2017,PRINTING & REPRODUCTION,13560,2017,PDQ PRINT AND MAIL SERVICES INC
,COMMITTEE ON AGRICULTURE,2017Q1,GENERAL EXPENDITURES,PRINTING AND REPRODUCTION,3/8/2017,AP,E0490097,LESTER DEAN A.,12/15/2016,12/15/2016,PRINTING & REPRODUCTION,3643.3,2016,LESTER DEAN A.
,SUPPLIES AND MATERIALS,2017Q1,SUPPLIES AND MATERIALS,PRINTING AND REPRODUCTION,1/6/2017,AP,E0468626,NJI NEW MEDIA LLC,11/23/2016,11/23/2016,PRINTING & REPRODUCTION,8076.89,2016,NJI NEW MEDIA LLC
,SUPPLIES AND MATERIALS,2017Q1,SUPPLIES AND MATERIALS,PRINTING AND REPRODUCTION,1/6/2017,AP,E0468626,NJI NEW MEDIA LLC,12/6/2016,12/6/2016,PRINTING & REPRODUCTION,1680,2016,NJI NEW MEDIA LLC
,SUPPLIES AND MATERIALS,2017Q1,SUPPLIES AND MATERIALS,PRINTING AND REPRODUCTION,2/7/2017,AP,E0485509,DAVID L ANDRUKITIS INC,12/30/2016,12/30/2016,PRINTING & REPRODUCTION,1087.5,2016,DAVID L ANDRUKITIS INC
